{"cameraMode":{"drawMode":0,"name":"Shaded","section":"Shading Mode"},"sceneLighting":true,"audioPlay":false,"sceneViewState":{"m_AlwaysRefresh":false,"showFog":true,"showSkybox":true,"showFlares":true,"showImageEffects":true,"showParticleSystems":true,"showVisualEffectGraphs":true,"m_FxEnabled":true},"in2DMode":false,"pivot":{"x":682.6687622070313,"y":35.660057067871097,"z":457.4165954589844},"rotation":{"x":0.7250525951385498,"y":-0.10650024563074112,"z":0.11515018343925476,"w":0.6705951690673828},"size":13.809381484985352,"orthographic":true}