{"cameraMode":{"drawMode":0,"name":"Shaded","section":"Shading Mode"},"sceneLighting":false,"audioPlay":false,"sceneViewState":{"m_AlwaysRefresh":false,"showFog":true,"showSkybox":false,"showFlares":true,"showImageEffects":true,"showParticleSystems":true,"showVisualEffectGraphs":true,"m_FxEnabled":true},"in2DMode":false,"pivot":{"x":658.0547485351563,"y":44.11811828613281,"z":440.05865478515627},"rotation":{"x":-0.0008634695550426841,"y":-0.9991048574447632,"z":-0.025482594966888429,"w":0.03388030081987381},"size":7.1749982833862309,"orthographic":false}